{"resourceType":"Measure","id":"HIVIND24","meta":{"profile":["http://hl7.org/fhir/us/cqfmeasures/StructureDefinition/proportion-measure-cqfm","http://hl7.org/fhir/uv/crmi/StructureDefinition/crmi-shareablemeasure","http://hl7.org/fhir/uv/crmi/StructureDefinition/crmi-publishablemeasure"]},"extension":[{"url":"http://hl7.org/fhir/us/cqfmeasures/StructureDefinition/cqfm-populationBasis","valueCode":"boolean"}],"url":"http://smart.who.int/hiv/Measure/HIVIND24","version":"0.4.3","name":"HIVIND24","title":"HIV.IND.24 HTS linkage to prevention","status":"draft","experimental":true,"date":"2024-08-18","publisher":"WHO","contact":[{"name":"WHO","telecom":[{"system":"url","value":"http://who.int"}]}],"description":"Among those testing HIV-negative and identified as being at elevated risk for HIV acquisition, % of people who receive an HIV prevention intervention within defined period","library":["http://smart.who.int/hiv/Library/HIVIND24Logic"],"scoring":{"coding":[{"system":"http://terminology.hl7.org/CodeSystem/measure-scoring","code":"proportion","display":"Proportion"}]},"group":[{"population":[{"id":"HIV.IND.24.IP","code":{"coding":[{"system":"http://terminology.hl7.org/CodeSystem/measure-population","code":"initial-population","display":"Initial Population"}]},"description":"Initial Population","criteria":{"language":"text/cql-identifier","expression":"Initial Population"}},{"id":"HIV.IND.24.DEN","code":{"coding":[{"system":"http://terminology.hl7.org/CodeSystem/measure-population","code":"denominator","display":"Denominator"}]},"description":"Number of people testing negative for HIV in the reporting period and identified as being at elevated risk for HIV acquisition (includes people requesting/receiving any HIV prevention intervention, people from key populations, people with known risk factors or those assessed as being at risk of HIV acquisition)","criteria":{"language":"text/cql-identifier","expression":"Denominator"}},{"id":"HIV.IND.24.NUM","code":{"coding":[{"system":"http://terminology.hl7.org/CodeSystem/measure-population","code":"numerator","display":"Numerator"}]},"description":"Number of people who receive an HIV prevention intervention within a defined period after receiving a negative HIV test result","criteria":{"language":"text/cql-identifier","expression":"Numerator"}}],"stratifier":[{"id":"HIV.IND.24.S","criteria":{"language":"text/cql-identifier","expression":"Stratification"}}]}]}