<?xml version="1.0" encoding="UTF-8"?><ValueSet xmlns="http://hl7.org/fhir"><id value="HIV.D.DE646"/><meta><profile value="http://hl7.org/fhir/uv/crmi/StructureDefinition/crmi-shareablevalueset"/><profile value="http://hl7.org/fhir/uv/crmi/StructureDefinition/crmi-publishablevalueset"/><profile value="http://hl7.org/fhir/uv/crmi/StructureDefinition/crmi-computablevalueset"/></meta><text><status value="extensions"/><div xmlns="http://www.w3.org/1999/xhtml"><p class="res-header-id"><b>Generated Narrative: ValueSet HIV.D.DE646</b></p><a name="HIV.D.DE646"> </a><a name="hcHIV.D.DE646"> </a><div style="display: inline-block; background-color: #d9e0e7; padding: 6px; margin: 4px; border: 1px solid #8da1b4; border-radius: 5px; line-height: 60%"><p style="margin-bottom: 0px"/><p style="margin-bottom: 0px">Profiles: <a href="http://hl7.org/fhir/uv/crmi/STU1/StructureDefinition-crmi-shareablevalueset.html">CRMI Shareable ValueSet</a>, <a href="http://hl7.org/fhir/uv/crmi/STU1/StructureDefinition-crmi-publishablevalueset.html">CRMI Publishable ValueSet</a>, <a href="http://hl7.org/fhir/uv/crmi/STU1/StructureDefinition-crmi-computablevalueset.html">CRMI Computable ValueSet</a></p></div><ul><li>Include these codes as defined in <a href="CodeSystem-HIVConcepts.html"><code>http://smart.who.int/hiv/CodeSystem/HIVConcepts</code></a><table class="none"><tr><td style="white-space:nowrap"><b>Code</b></td><td><b>Display</b></td><td><b>Definition</b></td></tr><tr><td><a href="CodeSystem-HIVConcepts.html#HIVConcepts-HIV.46D.46DE647">HIV.D.DE647</a></td><td>Client was referred</td><td>Client was referred to another provider/facility</td></tr><tr><td><a href="CodeSystem-HIVConcepts.html#HIVConcepts-HIV.46D.46DE648">HIV.D.DE648</a></td><td>Stock out</td><td>There was a stock out of malaria prophylaxis</td></tr><tr><td><a href="CodeSystem-HIVConcepts.html#HIVConcepts-HIV.46D.46DE649">HIV.D.DE649</a></td><td>Expired</td><td>Malaria prophylaxis in stock was expired</td></tr><tr><td><a href="CodeSystem-HIVConcepts.html#HIVConcepts-HIV.46D.46DE650">HIV.D.DE650</a></td><td>Other reason not provided</td><td>Other reason why the prophylaxis was not provided</td></tr></table></li></ul></div></text><url value="http://smart.who.int/hiv/ValueSet/HIV.D.DE646"/><version value="0.4.3"/><name value="HIVDDE646"/><title value="Reason malaria prophylaxis not provided ValueSet"/><status value="active"/><experimental value="true"/><date value="2025-07-04T21:06:09+00:00"/><publisher value="WHO"/><contact><name value="WHO"/><telecom><system value="url"/><value value="http://who.int"/></telecom></contact><description value="Value set of reason why the treatment was not given"/><compose><include><system value="http://smart.who.int/hiv/CodeSystem/HIVConcepts"/><concept><code value="HIV.D.DE647"/><display value="Client was referred"/></concept><concept><code value="HIV.D.DE648"/><display value="Stock out"/></concept><concept><code value="HIV.D.DE649"/><display value="Expired"/></concept><concept><code value="HIV.D.DE650"/><display value="Other reason not provided"/></concept></include></compose></ValueSet>