{
  "resourceType" : "Measure",
  "id" : "HIVIND3",
  "meta" : {
    "profile" : ["http://hl7.org/fhir/us/cqfmeasures/StructureDefinition/proportion-measure-cqfm",
    "http://hl7.org/fhir/uv/crmi/StructureDefinition/crmi-shareablemeasure",
    "http://hl7.org/fhir/uv/crmi/StructureDefinition/crmi-publishablemeasure"]
  },
  "text" : {
    "status" : "extensions",
    "div" : "<div xmlns=\"http://www.w3.org/1999/xhtml\">\n  <table class=\"narrative-table\">\n    <tbody>\n<tr>\n\n<th colspan=\"2\" scope=\"row\" class=\"row-header\">Knowledge Artifact Metadata</th>\n\n</tr>\n\n<tr>\n\n<th scope=\"row\" class=\"row-header\">Name (machine-readable)</th>\n\n<td class=\"content-container\">HIVIND3</td>\n</tr>\n\n\n<tr>\n\n<th scope=\"row\" class=\"row-header\">Title (human-readable)</th>\n\n<td class=\"content-container\">HIV.IND.3 PrEP coverage</td>\n</tr>\n\n\n\n<tr>\n\n<th scope=\"row\" class=\"row-header\">Status</th>\n\n<td class=\"content-container\">Draft</td>\n</tr>\n\n\n<tr>\n\n<th scope=\"row\" class=\"row-header\">Experimental</th>\n\n<td class=\"content-container\">true</td>\n</tr>\n\n\n<tr>\n\n<th scope=\"row\" class=\"row-header\">Description</th>\n\n<td class=\"content-container\"><div><p>% of people prescribed PrEP among those identified as being at elevated risk for HIV acquisition</p>\n</div></td>\n</tr>\n\n\n\n\n\n\n\n\n\n\n\n\n<tr>\n\n<th scope=\"row\" class=\"row-header\">Measure Steward</th>\n\n<td class=\"content-container\">WHO</td>\n</tr>\n\n\n<tr>\n\n<th scope=\"row\" class=\"row-header\">Steward Contact Details</th>\n\n<td class=\"content-container\">WHO: <a href=\"http://who.int\">http://who.int</a></td>\n</tr>\n\n\n\n\n\n\n\n\n\n\n\n<tr>\n\n<th colspan=\"2\" scope=\"row\" class=\"row-header\">Measure Metadata</th>\n\n</tr>\n\n\n\n\n\n\n<tr>\n\n<th scope=\"row\" class=\"row-header\">Version Number</th>\n\n<td class=\"content-container\">1.0.0</td>\n</tr>\n\n\n<tr>\n\n<th scope=\"row\" class=\"row-header\">Measure Scoring</th>\n\n<td class=\"content-container\"><span title=\"Codes:{http://terminology.hl7.org/CodeSystem/measure-scoring proportion}\">Proportion</span></td>\n</tr>\n\n\n\n\n\n\n\n\n\n\n\n\n  \n<tr>\n\n<th scope=\"row\" class=\"row-header\">Population Basis</th>\n\n<td class=\"content-container\">boolean</td>\n</tr>\n\n\n\n\n\n  \n    <tr>\n\n<th colspan=\"2\" scope=\"row\" class=\"row-header\">Measure Population Criteria</th>\n\n</tr>\n  \n  \n  \n  \n    <tr>\n      \n        \n<th scope=\"row\" class=\"row-header\">Initial Population</th>\n\n      \n      <td class=\"content-container\">\n        \n        <em>ID</em>: HIV.IND.3.IP\n        <br/>\n        \n        \n          <em>Description</em>:\n          <p style=\"white-space: pre-line\" class=\"tab-one\">Initial Population</p>\n        \n        \n          \n            \n            <em>Logic Definition</em>: <a href=\"#hivind3logic-initial-population\">Initial Population</a> \n          \n        \n      </td>\n    </tr>\n  \n\n  \n    <tr>\n      \n        \n<th scope=\"row\" class=\"row-header\">Denominator</th>\n\n      \n      <td class=\"content-container\">\n        \n        <em>ID</em>: HIV.IND.3.DEN\n        <br/>\n        \n        \n          <em>Description</em>:\n          <p style=\"white-space: pre-line\" class=\"tab-one\">a) Programme/service provider level: number of individuals who received a negative HIV test during the reporting period and identified as being at elevated risk for HIV acquisition (includes people requesting/receiving any HIV prevention intervention, people from key populations, people with known risk factors or assessed as being at risk of HIV acquisition) |  | b) Population level: population-level estimate of the number of people who would benefit from PrEP, for example as derived from a PrEP need estimator tool</p>\n        \n        \n          \n            \n            <em>Logic Definition</em>: <a href=\"#hivind3logic-denominator\">Denominator</a> \n          \n        \n      </td>\n    </tr>\n  \n\n  \n    <tr>\n      \n        \n<th scope=\"row\" class=\"row-header\">Numerator</th>\n\n      \n      <td class=\"content-container\">\n        \n        <em>ID</em>: HIV.IND.3.NUM\n        <br/>\n        \n        \n          <em>Description</em>:\n          <p style=\"white-space: pre-line\" class=\"tab-one\">Number of unique individuals prescribed or dispensed any form of PrEP at least once during the reporting period. Individuals prescribed different products or regimens at different times during the reporting period should be counted only once.</p>\n        \n        \n          \n            \n            <em>Logic Definition</em>: <a href=\"#hivind3logic-numerator\">Numerator</a> \n          \n        \n      </td>\n    </tr>\n  \n\n  \n<tr>\n  \n<th scope=\"row\" class=\"row-header\">Stratifier</th>\n\n  <td class=\"content-container\">\n    \n      <em>ID</em>: HIV.IND.3.S\n      \n    \n    \n    \n  </td>\n</tr>\n\n  \n\n\n\n\n\n\n\n\n\n\n\n\n\n<tr>\n\n<th colspan=\"2\" scope=\"row\" class=\"row-header\">Measure Logic</th>\n\n</tr>\n\n<tr>\n\n<th scope=\"row\" class=\"row-header\">Primary Library</th>\n\n<td class=\"content-container\"><a href=\"Library-HIVIND3Logic.html\">HIV.IND.3 Logic</a></td>\n</tr>\n\n\n\n\n<tr>\n  <th colspan=\"2\" scope=\"row\" class=\"row-header\">Generated using version 0.4.6 of the sample-content-ig Liquid templates</th>\n</tr>\n    </tbody>\n  </table>\n</div>"
  },
  "extension" : [{
    "url" : "http://hl7.org/fhir/us/cqfmeasures/StructureDefinition/cqfm-populationBasis",
    "valueCode" : "boolean"
  }],
  "url" : "http://smart.who.int/hiv/Measure/HIVIND3",
  "version" : "1.0.0",
  "name" : "HIVIND3",
  "title" : "HIV.IND.3 PrEP coverage",
  "status" : "draft",
  "experimental" : true,
  "date" : "2024-08-18",
  "publisher" : "WHO",
  "contact" : [{
    "name" : "WHO",
    "telecom" : [{
      "system" : "url",
      "value" : "http://who.int"
    }]
  }],
  "description" : "% of people prescribed PrEP among those identified as being at elevated risk for HIV acquisition",
  "library" : ["http://smart.who.int/hiv/Library/HIVIND3Logic"],
  "scoring" : {
    "coding" : [{
      "system" : "http://terminology.hl7.org/CodeSystem/measure-scoring",
      "code" : "proportion",
      "display" : "Proportion"
    }]
  },
  "group" : [{
    "population" : [{
      "id" : "HIV.IND.3.IP",
      "code" : {
        "coding" : [{
          "system" : "http://terminology.hl7.org/CodeSystem/measure-population",
          "code" : "initial-population",
          "display" : "Initial Population"
        }]
      },
      "description" : "Initial Population",
      "criteria" : {
        "language" : "text/cql-identifier",
        "expression" : "Initial Population"
      }
    },
    {
      "id" : "HIV.IND.3.DEN",
      "code" : {
        "coding" : [{
          "system" : "http://terminology.hl7.org/CodeSystem/measure-population",
          "code" : "denominator",
          "display" : "Denominator"
        }]
      },
      "description" : "a) Programme/service provider level: number of individuals who received a negative HIV test during the reporting period and identified as being at elevated risk for HIV acquisition (includes people requesting/receiving any HIV prevention intervention, people from key populations, people with known risk factors or assessed as being at risk of HIV acquisition) |  | b) Population level: population-level estimate of the number of people who would benefit from PrEP, for example as derived from a PrEP need estimator tool",
      "criteria" : {
        "language" : "text/cql-identifier",
        "expression" : "Denominator"
      }
    },
    {
      "id" : "HIV.IND.3.NUM",
      "code" : {
        "coding" : [{
          "system" : "http://terminology.hl7.org/CodeSystem/measure-population",
          "code" : "numerator",
          "display" : "Numerator"
        }]
      },
      "description" : "Number of unique individuals prescribed or dispensed any form of PrEP at least once during the reporting period. Individuals prescribed different products or regimens at different times during the reporting period should be counted only once.",
      "criteria" : {
        "language" : "text/cql-identifier",
        "expression" : "Numerator"
      }
    }],
    "stratifier" : [{
      "id" : "HIV.IND.3.S",
      "criteria" : {
        "language" : "text/cql-identifier",
        "expression" : "Stratification"
      }
    }]
  }]
}