<?xml version="1.0" encoding="UTF-8"?><ValueSet xmlns="http://hl7.org/fhir"><id value="HIV.E.DE136"/><meta><profile value="http://hl7.org/fhir/uv/crmi/StructureDefinition/crmi-shareablevalueset"/><profile value="http://hl7.org/fhir/uv/crmi/StructureDefinition/crmi-publishablevalueset"/><profile value="http://hl7.org/fhir/uv/crmi/StructureDefinition/crmi-computablevalueset"/></meta><text><status value="extensions"/><div xmlns="http://www.w3.org/1999/xhtml"><p class="res-header-id"><b>Generated Narrative: ValueSet HIV.E.DE136</b></p><a name="HIV.E.DE136"> </a><a name="hcHIV.E.DE136"> </a><div style="display: inline-block; background-color: #d9e0e7; padding: 6px; margin: 4px; border: 1px solid #8da1b4; border-radius: 5px; line-height: 60%"><p style="margin-bottom: 0px"/><p style="margin-bottom: 0px">Profiles: <a href="http://hl7.org/fhir/uv/crmi/STU1/StructureDefinition-crmi-shareablevalueset.html">CRMI Shareable ValueSet</a>, <a href="http://hl7.org/fhir/uv/crmi/STU1/StructureDefinition-crmi-publishablevalueset.html">CRMI Publishable ValueSet</a>, <a href="http://hl7.org/fhir/uv/crmi/STU1/StructureDefinition-crmi-computablevalueset.html">CRMI Computable ValueSet</a></p></div><ul><li>Include these codes as defined in <a href="CodeSystem-HIVConcepts.html"><code>http://smart.who.int/hiv/CodeSystem/HIVConcepts</code></a><table class="none"><tr><td style="white-space:nowrap"><b>Code</b></td><td><b>Display</b></td><td><b>Definition</b></td></tr><tr><td><a href="CodeSystem-HIVConcepts.html#HIVConcepts-HIV.46E.46DE137">HIV.E.DE137</a></td><td>Daily</td><td>Iron supplements prescribed for daily intake</td></tr><tr><td><a href="CodeSystem-HIVConcepts.html#HIVConcepts-HIV.46E.46DE138">HIV.E.DE138</a></td><td>Weekly</td><td>Iron supplements prescribed for daily intake</td></tr></table></li></ul></div></text><url value="http://smart.who.int/hiv/ValueSet/HIV.E.DE136"/><version value="0.4.3"/><name value="HIVEDE136"/><title value="Type of iron supplement dosage provided ValueSet"/><status value="active"/><experimental value="true"/><date value="2025-07-07T12:10:10+00:00"/><publisher value="WHO"/><contact><name value="WHO"/><telecom><system value="url"/><value value="http://who.int"/></telecom></contact><description value="Value set of whether the amount of iron prescribed is for daily or weekly intake"/><compose><include><system value="http://smart.who.int/hiv/CodeSystem/HIVConcepts"/><concept><code value="HIV.E.DE137"/><display value="Daily"/></concept><concept><code value="HIV.E.DE138"/><display value="Weekly"/></concept></include></compose></ValueSet>